"","ID","Group","Feature_1","Feature_2","Feature_3"
"1","ID278","A",2761.55756713334,406.980873989263,6224.92667084876
"2","ID258","A",2372.65302289864,400.989413315957,5108.87726506022
"3","ID355","C",2225.17200764114,379.685456562333,-1862.47181981579
"4","ID481","C",2445.11298039959,388.166272460961,-2057.38535487217
"5","ID742","A",2547.88295394627,382.226954022749,5743.42966232347
"6","ID517","C",2534.13189919245,390.54080703464,-2128.32599914832
"7","ID966","C",2225.84949833913,391.740053118932,-1839.62671568878
"8","ID388","B",2752.35785207233,399.629626746153,5495.85171704607
"9","ID642","C",2248.10458269323,406.312446560872,-1820.60207266581
"10","ID852","A",2273.59649695226,407.741545012917,4757.09345726931
"11","ID691","C",2086.65580279201,414.643664503958,-1676.92649377162
"12","ID326","C",2128.30137885648,393.394169147032,-1722.55307884799
"13","ID909","B",2648.51504118083,365.913086209149,5284.21946459929
"14","ID702","A",2509.31729950708,407.607043460375,5508.56279010344
"15","ID879","A",2451.54174039461,390.364484070986,5405.85169374454
"16","ID575","B",2631.89127853536,407.383697629164,5267.82565412256
"17","ID286","B",2383.79272132083,412.765934900663,4778.98616281936
"18","ID452","C",2141.78099871951,400.595646256164,-1746.13903112093
"19","ID648","B",2735.9252852658,399.523090442897,5470.26934692401
"20","ID994","C",2635.48725528545,420.881405688284,-2223.4037044124
"21","ID587","C",2485.12790441853,406.011872207679,-2078.77058326616
"22","ID915","A",2659.85690774341,399.404677226681,5985.4136755023
"23","ID106","C",2332.42124106686,427.95168705953,-1901.57100558782
"24","ID112","C",2644.00997598403,401.960848210086,-2226.40843751494
"25","ID190","B",2969.11275018089,408.852280966868,5937.85742370038
"26","ID311","C",2608.4382581618,400.360220592767,-2206.58966886163
"27","ID222","C",2518.71713661784,389.968930880512,-2124.94533484413
"28","ID381","C",2921.17809061976,424.023462081685,-2484.94129626482
"29","ID539","A",2552.12098889422,387.15811007569,5740.22840593624
"30","ID788","A",2375.36852971615,420.14304199094,5029.51780071504
"31","ID448","B",2691.52868319921,383.309328493525,5389.79073981931
"32","ID926","C",2916.79253561902,380.881196656777,-2548.05516430702
"33","ID433","B",2331.49066462737,378.125440684071,4674.79072727034
"34","ID811","C",2266.21726522558,404.016938549322,-1856.3064859404
"35","ID436","B",2598.1595703689,425.349726362459,5192.48167225087
"36","ID508","C",2821.46423235569,399.018657562722,-2427.09734751705
"37","ID427","B",2636.95657348933,414.149533310138,5272.8030163189
"38","ID325","A",2435.47371147511,430.081620875688,5141.81545724525
"39","ID146","C",1805.69426737584,410.750198103448,-1403.78845612632
"40","ID314","A",2103.79339564829,401.372111170619,4297.62311862644
"41","ID196","C",2595.87361853856,401.842086364969,-2194.49803813823
"42","ID120","C",2602.65356121366,423.94748206861,-2189.3965925281
"43","ID271","B",2901.20132573728,406.353038453716,5802.07642502838
"44","ID716","B",2743.08907431358,385.590874945949,5488.9677065517
"45","ID472","C",2037.66242093047,424.66983202958,-1622.20706558123
"46","ID677","A",2533.59769364693,417.052155626451,5514.95402649599
"47","ID592","A",2486.63813128996,432.046526742128,5303.79622498905
"48","ID231","B",2346.19574988129,406.134362996139,4689.64211707424
"49","ID773","A",2560.75589084173,406.200432984183,5657.23745477444
"50","ID267","A",2443.50665983481,382.238158089047,5410.25898418897
"51","ID361","A",2941.76354675141,402.551789043727,6785.31812446739
"52","ID761","C",2852.15090518055,399.563134193894,-2455.38770775842
"53","ID579","A",2733.21523350541,429.238382307533,6055.7446277184
"54","ID721","B",2718.99258082473,384.777570277621,5440.05835767007
"55","ID813","C",2671.07854065042,395.947547391277,-2271.19012970771
"56","ID736","B",2317.7290883695,410.845977189933,4628.77174050821
"57","ID936","C",2601.60652471783,401.317671903692,-2199.69943661146
"58","ID226","A",2392.57083880928,400.529864765209,5180.55230555284
"59","ID144","A",2607.79959600707,396.279021514763,5841.88850053173
"60","ID661","A",2328.70393164719,394.050606521963,4991.52448571419
"61","ID634","A",1921.49144985322,413.427392797437,3688.87474382081
"62","ID294","C",2650.3196823991,401.718099457554,-2256.34242973369
"63","ID376","A",2362.21111369365,430.243861370392,4925.83342324929
"64","ID328","C",2583.15390714841,405.996913402529,-2167.86772984761
"65","ID898","C",2826.73769150469,379.4936723522,-2439.20254646049
"66","ID395","C",2034.05505181311,411.085389917381,-1621.84116168871
"67","ID188","A",1735.90011306683,401.050337573138,3206.50438473401
"68","ID709","B",2230.03008818212,384.181955296789,4476.13544959227
"69","ID615","B",2906.06004774145,398.530298988681,5811.5731353944
"70","ID247","B",2479.5340362733,393.903835135779,4938.88380077333
"71","ID253","B",2040.84680825306,408.97933251723,4071.63243511978
"72","ID162","B",1858.87524040687,400.106369839112,3719.19379849015
"73","ID744","A",2443.4559283829,408.407289926486,5285.20097796015
"74","ID117","A",1829.83811487893,403.86484263397,3448.9442996052
"75","ID715","A",3219.91815320307,405.10358024279,7617.96645473704
"76","ID276","B",2838.36205254908,388.949517870965,5691.2415355605
"77","ID420","A",2659.72550809108,406.64064880622,5928.39978205956
"78","ID522","C",2015.0879704166,364.073931903838,-1664.2860562769
"79","ID725","B",2729.12778446939,430.519000688252,5461.26006415949
"80","ID724","A",2776.38953606806,405.763864745997,6309.14882012563
"81","ID785","C",1844.12911881295,415.216701580184,-1433.44532851097
"82","ID147","B",2046.30345610112,420.863747219852,4081.86777078946
"83","ID542","B",2412.63314940057,403.981423566958,4818.69130897741
"84","ID460","C",2293.65248230605,403.068589082417,-1895.10925723731
"85","ID444","C",2620.28565802233,395.002754892849,-2220.3959015646
"86","ID153","C",2444.17662933998,384.288068841601,-2043.97577929577
"87","ID143","B",2480.44794865371,421.495323206473,4944.21298773751
"88","ID948","A",2036.6934523065,391.901321294286,4159.565179417
"89","ID354","A",1576.65769943674,418.056873285709,2635.18452359469
"90","ID925","C",2617.01883676278,412.844224136735,-2231.34624451753
"91","ID178","B",2232.00411057437,381.401143980772,4461.76957105838
"92","ID651","C",2664.66401006461,387.846272897041,-2278.9503245529
"93","ID193","C",3062.64787314548,414.345131541892,-2650.25402985127
"94","ID467","C",2250.01088559177,399.934886174822,-1858.71340254311
"95","ID138","C",2156.15972268794,382.516894985491,-1768.60477093295
"96","ID726","A",2677.11722101425,385.579845911902,6114.55566834387
"97","ID665","C",3025.32445278132,357.241313738376,-2660.69449890951
"98","ID698","A",1925.81555418774,394.252341235854,3811.45179339971
"99","ID696","C",2395.61356905001,411.754842975786,-1998.03386102938
"100","ID330","C",2387.68488528233,399.057200720365,-1954.57576123209
"101","ID867","A",2459.88190248955,396.912974797589,5391.32275545914
"102","ID124","A",2732.84186592632,402.790816645293,6202.79893457848
"103","ID855","B",2061.63527200667,377.940436159656,4110.80470732009
"104","ID375","B",2068.13694056666,395.826425841218,4140.23452736306
"105","ID446","C",1958.27210208503,413.756247726491,-1554.27801332914
"106","ID613","B",3055.6384837476,402.393425440153,6100.45544687117
"107","ID792","C",2053.96988779883,399.09948430603,-1624.4988033732
"108","ID477","C",2349.2939057903,419.12044439303,-1933.08529179508
"109","ID422","A",2577.86421177532,390.996265120151,5761.74246592945
"110","ID670","C",2338.57901149989,413.117190031103,-1927.45862168248
"111","ID769","A",2286.67098509214,394.191404582545,4888.69541068205
"112","ID786","C",2299.92859972905,383.29434413782,-1907.93403225551
"113","ID372","A",2845.34660141852,395.031107340327,6547.30511685108
"114","ID606","C",2602.48132357841,395.597539405439,-2204.58296810301
"115","ID822","A",2673.46153459963,401.749283755475,6019.58602412962
"116","ID689","A",2061.84038884407,400.205959707853,4168.97272295668
"117","ID675","B",2389.14556726665,412.153102548016,4791.41022836008
"118","ID198","A",2616.88186151378,393.503452592075,5884.53631283396
"119","ID160","A",2365.88772871553,422.373089072298,4992.15200514488
"120","ID871","C",1864.19151560928,407.629207418337,-1447.76860244142
"121","ID114","C",2226.21727848785,413.814325775203,-1819.15636231851
"122","ID816","C",2663.84394214525,405.856547546045,-2238.605158589
"123","ID140","C",2619.81318278571,405.364117933854,-2218.33615442513
"124","ID164","B",2602.77325319673,399.055914389072,5225.7028805107
"125","ID646","C",2557.50482622259,386.962450038635,-2166.3092840892
"126","ID624","C",2640.74613784509,398.213020651876,-2253.83315150377
"127","ID234","A",2714.16713866885,402.118951917755,6144.8051832769
"128","ID369","A",2137.48582891335,416.07746058868,4304.75746331069
"129","ID555","C",2083.44950935509,374.605660132032,-1716.97475551576
"130","ID358","B",1992.8835135783,407.203649334482,3972.31021667792
"131","ID244","B",2697.8201596826,391.899564936172,5404.43006538116
"132","ID919","B",2688.59599490888,381.829176835992,5371.0467924705
"133","ID796","B",2563.30012484709,403.33395129931,5121.38012889897
"134","ID897","B",2677.20415469916,414.953398382713,5347.12410557558
"135","ID644","B",2531.94777315301,384.261801687208,5074.78389317242
"136","ID161","B",2221.49658958573,408.428626968053,4446.38087068647
"137","ID971","B",2199.71042348783,390.363547025651,4408.06574108311
"138","ID317","A",2525.55748628826,385.324839009648,5650.87667987939
"139","ID802","A",2395.07563840558,406.049615011781,5172.95984384596
"140","ID660","A",2842.27489370922,404.6624206262,6502.19785263394
"141","ID205","C",2357.77583920997,399.970939208935,-1929.61073209293
"142","ID614","A",2398.39872917773,413.802817897875,5124.17712857923
"143","ID808","A",2065.50291666816,411.039653892299,4137.50014237035
"144","ID671","B",2150.20255014601,393.233095554148,4303.92358588773
"145","ID901","A",3131.91595574122,394.494322800608,7420.37228602806
"146","ID607","C",2492.67656255393,404.581830596183,-2085.66023959813
"147","ID241","A",2456.00277890574,398.945765139327,5362.22291153405
"148","ID127","A",2425.28585059728,389.813037898985,5323.56332255951
"149","ID922","B",2098.67514670537,368.151726282313,4175.71940665448
"150","ID839","B",2879.84964785749,401.370068035614,5764.75679651951
"151","ID674","A",2369.2350234574,389.777829855902,5170.59996718554
"152","ID743","C",3170.59381892029,400.464259708949,-2768.0354542675
"153","ID815","B",2671.91456993906,393.49397689667,5383.1036941754
"154","ID622","B",2084.05309515803,416.388593701684,4141.98705038997
"155","ID923","B",2716.62373670244,388.796708548275,5431.75109826935
"156","ID733","A",2756.48516588301,407.230260516935,6236.6281573148
"157","ID712","A",2127.13382175214,426.083714013446,4232.70035101355
"158","ID392","B",2360.1434345738,358.016695127475,4722.25075737201
"159","ID880","C",2691.11386443261,400.814058751697,-2279.22583503652
"160","ID643","B",2510.53411066371,402.444074065991,5041.38835070548
"161","ID884","C",2754.17638316597,385.101246457754,-2385.11254602203
"162","ID199","C",2330.93903779812,404.961991001414,-1911.31670828561
"163","ID529","A",2554.52554177355,369.475591350497,5826.47840134258
"164","ID386","C",2452.24554897715,396.629760062605,-2063.36619411509
"165","ID858","A",2123.30867492423,416.539102005493,4280.87690302837
"166","ID540","C",2525.7125830844,394.546668707637,-2136.00997961168
"167","ID972","C",2727.40397514094,403.212173022069,-2318.75085771723
"168","ID596","A",2340.15314338756,376.348455819082,5141.60919422898
"169","ID598","C",1857.63311759561,380.33338553532,-1472.94848605791
"170","ID843","A",2847.24971383828,380.266394083017,6642.08091096734
"171","ID980","C",2380.28507434187,384.932495926879,-2010.94098054659
"172","ID860","B",2550.62192987834,419.886481166939,5117.08370181751
"173","ID983","A",3257.77839959821,394.916857744104,7805.54114043461
"174","ID438","A",1956.56200216536,401.373208428283,3879.64552640596
"175","ID659","C",2291.43086579853,407.83444326693,-1890.90650705083
"176","ID931","B",2839.20904304091,371.765565489884,5698.75951611856
"177","ID148","B",2084.99849393316,389.452396026814,4162.07323290158
"178","ID303","B",2697.33973688515,401.413934132206,5402.8515683548
"179","ID949","A",2429.48045694378,420.458911645536,5198.40279003123
"180","ID291","A",2580.61903199915,426.321386964573,5610.0046010965
"181","ID783","A",2517.78947990756,390.40252818307,5589.62587403273
"182","ID656","A",2536.0494354464,402.564143521137,5598.27329795022
"183","ID654","A",2866.89867782559,401.864786221242,6575.50553034342
"184","ID137","C",3013.007368152,377.394773049187,-2618.80743766825
"185","ID630","C",2322.52752131718,424.212101855807,-1902.04554267693
"186","ID339","C",2705.09762807729,399.545984767615,-2299.7479331532
"187","ID491","C",2794.26689348453,405.695270858662,-2398.18307910577
"188","ID531","A",2460.89251472253,378.522053429159,5471.42392388556
"189","ID804","B",2120.55185772015,389.4870519164,4246.24914372954
"190","ID385","A",2326.67900654097,421.03110135278,4855.73280664861
"191","ID873","A",2815.221442976,378.336295206455,6559.96690392904
"192","ID488","B",2124.85787170236,408.378083653505,4234.64874648762
"193","ID679","B",2054.16459460729,395.817321847879,4122.35533555515
"194","ID249","B",2365.45127683163,415.516572569916,4707.7139119558
"195","ID559","B",2588.79430672339,354.340914778702,5185.62325259773
"196","ID593","A",1830.26124694688,393.846756560965,3515.60628689779
"197","ID181","A",2581.45509253618,424.811849735196,5612.39078445775
"198","ID450","A",2785.48283325004,401.754185781213,6345.82196905243
"199","ID254","C",2159.03992054277,393.611188148022,-1765.2836244671
"200","ID270","B",2459.12856819516,386.489923983111,4909.50699286562
"201","ID401","A",2464.86778761307,376.118711491879,5510.74923514947
"202","ID694","B",2818.34540512012,381.797428720364,5634.31672493394
"203","ID967","A",2691.61285154155,421.876534411917,5958.21506483066
"204","ID324","C",2114.15402803055,409.507308520545,-1711.61169961559
"205","ID894","C",2466.43810795902,400.489334868482,-2074.86349856244
"206","ID150","A",2632.8013217782,400.79690386361,5882.90492492196
"207","ID296","C",2868.12345954586,383.475146736455,-2490.5960929165
"208","ID516","B",2552.69310172841,404.504884320375,5108.06786858892
"209","ID864","A",2408.46273314157,415.745226292792,5142.38574490691
"210","ID348","C",2704.29624064759,378.25120379038,-2328.81303232989
"211","ID908","A",2255.87919908499,406.665732516623,4731.3129451789
"212","ID556","C",2305.61589790383,399.30695257399,-1888.00061537056
"213","ID519","A",2251.33962917729,402.007690788519,4765.04440488056
"214","ID465","A",2583.84117013577,387.282659371555,5809.39201016403
"215","ID280","C",2674.69100731214,387.020123366419,-2304.87864854247
"216","ID616","C",2553.71602841788,407.044925844832,-2128.65925898223
"217","ID335","B",2686.26261224244,411.219149949623,5363.56213308087
"218","ID514","A",2250.88924566064,412.447821076831,4692.25795557676
"219","ID731","C",2383.19939550723,399.700969113513,-2001.30739056737
"220","ID447","A",2586.64879100114,395.634350184745,5782.98995252657
"221","ID960","A",2624.55787519229,383.321834771452,5949.85940276673
"222","ID917","B",2716.63747031355,401.918272552189,5418.01741063626
"223","ID995","A",2449.65890695977,401.191300779013,5336.24864802257
"224","ID831","A",2489.75080467816,403.975447652405,5447.84639243884
"225","ID203","B",2332.7266838676,378.129978497323,4637.6532030376
"226","ID189","C",2617.38450186999,394.270606183337,-2233.08795385301
"227","ID237","A",2397.59447337103,396.340366890921,5216.22734518888
"228","ID116","B",2803.08868972333,405.221639739973,5601.46227100059
"229","ID976","B",2348.60733325459,386.806448634394,4691.55652192735
"230","ID757","C",2446.69348844539,410.954166505756,-2041.00503052577
"231","ID391","A",2407.73473613739,400.174774902052,5217.89776801432
"232","ID154","C",2797.49141386848,417.755986039883,-2377.07693748812
"233","ID451","A",2903.10118758741,429.950121215475,6539.94460175636
"234","ID755","A",2833.47996955479,398.885812535305,6510.96312668006
"235","ID756","C",2475.25562192015,407.961487967548,-2045.78549941657
"236","ID729","B",2001.32617279586,383.193929743252,3999.36490334652
"237","ID914","C",1755.38740650805,401.853155779885,-1350.09190304234
"238","ID869","C",1705.11490742863,410.691997887584,-1285.6541288198
"239","ID635","B",2584.58557114209,404.556305186903,5180.36347006147
"240","ID490","C",2776.0759278314,435.910965939774,-2328.07697105595
"241","ID608","A",2619.57995664143,407.59948744535,5807.13411172852
"242","ID998","A",2044.85026546866,400.82517319007,4117.76249837057
"243","ID260","B",2612.79749901121,393.876531547404,5240.33225962426
"244","ID795","C",2535.76312150489,435.478055592401,-2097.51409203303
"245","ID213","A",2408.80078380227,393.659137497444,5272.58375949784
"246","ID356","B",2780.04293547516,397.055735089686,5568.33341525277
"247","ID886","B",2679.1609677169,427.439146142043,5368.1274162777
"248","ID133","A",2073.50668588754,404.76032933658,4209.37213809897
"249","ID690","A",2596.50075486046,401.662814618661,5770.18439637107
"250","ID183","B",1999.84262217767,386.380838824807,4020.41283440684
"251","ID830","C",1966.87321682488,395.435245035305,-1541.86733374237
"252","ID945","A",2743.85592049804,403.980431773757,6224.84436634283
"253","ID916","C",2126.50063497845,391.77849134141,-1738.33080514043
"254","ID220","C",2393.44545965422,379.981696123306,-2016.44252350449
"255","ID505","B",2491.8385705057,403.939722587943,4982.10384064494
"256","ID212","C",2758.17061394516,423.169047867265,-2343.66531976694
"257","ID597","C",2256.62314156606,380.787073300001,-1881.02380510033
"258","ID649","A",2832.10956961828,391.745273150199,6556.6976548628
"259","ID719","A",2527.35161323968,382.582968793102,5668.02437546811
"260","ID370","A",2348.66498310152,400.822369002175,5039.50946718301
"261","ID895","B",2601.97185195565,359.224006768694,5224.47521510829
"262","ID747","A",2982.98371411493,408.63318731619,6909.16141210062
"263","ID912","C",2488.07895293573,411.688714139831,-2084.11127063297
"264","ID521","B",2865.18884743445,406.867404045536,5740.15913286423
"265","ID957","A",2422.12739850607,412.502352409554,5186.56357596169
"266","ID745","B",2500.8402305913,385.364487320832,5025.48437082238
"267","ID638","C",2380.41079825507,414.52655110472,-1974.81638082418
"268","ID407","B",2957.35703769075,404.077945711752,5910.32184022723
"269","ID307","C",2568.4823530997,444.844087190445,-2128.06292700687
"270","ID805","B",2577.55231118286,393.758466938332,5170.02750134946
"271","ID102","C",2989.66094714947,395.03185547288,-2626.25119444501
"272","ID474","A",2826.96694816973,398.641324044994,6484.40276202269
"273","ID760","A",2664.91025793265,389.815655760134,6037.18297186504
"274","ID569","B",2137.42817983862,400.921256985513,4285.49888786352
"275","ID878","B",2369.71501722712,383.084504646948,4759.9246884979
"276","ID861","A",2774.40675655647,381.030886319789,6424.53791258175
"277","ID778","B",2159.72878790676,388.267739033342,4318.63421869844
"278","ID453","B",2332.93773486294,426.163010437778,4660.16492947295
"279","ID126","B",2998.98255376466,426.682948572885,5997.9083248311
"280","ID978","A",2535.0967301457,381.494810808726,5690.71766747448
"281","ID142","C",2576.23821923497,399.16923625784,-2174.24212208374
"282","ID968","B",2545.94512616985,423.891774257325,5082.19536333195
"283","ID682","B",2130.41364273163,394.776418536151,4240.85023269287
"284","ID609","C",2509.79468910013,399.514491694728,-2092.49720104089
"285","ID768","C",2704.29178351974,398.890479801868,-2296.11959094244
"286","ID962","C",2290.95693517206,390.658763187054,-1904.33415237383
"287","ID708","A",2182.55049937975,369.859090665914,4709.47766576101
"288","ID475","C",2624.67685461247,388.223689264036,-2248.07020352575
"289","ID239","C",2484.98095410127,393.584576183101,-2103.52481270534
"290","ID902","B",2544.7737569491,409.770914097615,5097.80652242993
"291","ID562","B",2406.51458377576,425.847713681674,4809.93774456718
"292","ID684","C",2215.02690082166,388.539201925862,-1829.1812026902
"293","ID996","C",2564.7664236148,382.821213393862,-2180.54842566506
"294","ID812","A",2206.01762330828,431.0285563975,4475.91591383063
"295","ID763","A",2541.03934454512,391.575510659343,5697.43591126516
"296","ID515","C",2488.3988944777,418.789497447548,-2049.79988602522
"297","ID262","B",2668.74581813538,408.333292524238,5330.4773365691
"298","ID268","A",2227.47940446535,405.365265474004,4660.91910640188
"299","ID393","A",2733.62970145766,386.566900776519,6282.61954964596
"300","ID870","C",2936.70659031605,414.310757095655,-2519.95287794381
"301","ID838","A",2474.95315976945,384.378195343063,5496.64882635303
"302","ID426","A",2427.52485171551,397.763056856392,5304.50737567043
"303","ID889","C",2696.4952647759,398.94955443346,-2300.37398215939
"304","ID506","A",2781.55873511265,400.611562512295,6342.49314265114
"305","ID527","B",2177.52061863156,407.19199862355,4355.35942752374
"306","ID479","A",2769.9308130856,368.856281918958,6441.57290173903
"307","ID857","C",2832.11552908627,408.727027823481,-2415.1554270241
"308","ID419","B",2342.78655509327,383.454706745909,4690.30523145902
"309","ID707","A",1994.41949576175,391.229201448323,4031.29513408491
"310","ID578","B",2470.22951618995,386.494360751573,4963.91229923328
"311","ID166","B",2863.99885937544,396.516775637727,5716.905924043
"312","ID832","C",2613.69363276216,400.267452924224,-2209.30792142823
"313","ID104","C",2511.62951920994,425.439141415261,-2073.85035535451
"314","ID577","C",2260.52405640669,406.54788777518,-1860.08188215295
"315","ID402","B",2812.03732400997,412.762041152805,5630.07729015858
"316","ID826","C",2678.01270488518,403.403574743554,-2278.23177597472
"317","ID312","A",2749.73460581336,394.916453429291,6261.02697911049
"318","ID938","C",2283.02625603528,418.763358126914,-1876.93128421759
"319","ID207","B",2759.57094004275,414.890861679902,5531.69964378607
"320","ID621","C",2467.71405451103,413.342454010496,-2031.28069073087
"321","ID566","C",2687.23193992025,386.472884975598,-2289.68423806647
"322","ID136","B",2958.50796126945,393.373849400476,5894.65582167239
"323","ID156","C",3055.25887624243,400.555710370518,-2634.95883785956
"324","ID135","B",2669.09184478463,388.339164966111,5351.16260649339
"325","ID454","C",2779.10268240205,400.208407666482,-2366.87553274009
"326","ID208","C",2697.27465340089,419.092453118749,-2262.6022645273
"327","ID848","C",2442.8338948896,416.883278234901,-2041.04176479962
"328","ID410","C",2421.80539158882,385.595136312274,-2047.12144184092
"329","ID688","C",3323.62722597872,395.94169352756,-2912.50828616709
"330","ID965","A",2739.3627468884,378.749429097627,6337.78966066176
"331","ID302","C",2686.56534345783,405.533120170534,-2290.8333931254
"332","ID850","B",2533.87382684068,421.727576745154,5065.21124532901
"333","ID629","B",3039.37904810748,399.020426512715,6076.72377490008
"334","ID281","C",2648.28226277018,380.809888732186,-2272.25989210898
"335","ID782","A",2193.38749892665,388.199407320976,4627.72755547556
"336","ID546","B",2624.57557465114,421.180279210366,5244.09470361756
"337","ID456","C",2494.87290511614,383.496678719787,-2115.64556355354
"338","ID334","C",2375.85512308179,410.583822464702,-1970.57449997574
"339","ID293","C",2554.79181781779,371.143093622579,-2179.68752447667
"340","ID893","C",2407.48071129831,414.935812852704,-1990.91377791206
"341","ID730","A",2841.82292625051,404.119196232669,6507.6308926664
"342","ID256","A",1711.53044605736,408.83940337826,3083.61994666551
"343","ID101","A",2779.39766823472,396.498162914476,6345.18578143977
"344","ID950","A",2324.45452561991,395.445556016878,4998.49292817943
"345","ID567","A",2579.39634402351,406.250339834899,5713.17609042323
"346","ID107","A",2380.47576644254,380.824426024878,5215.19801401052
"347","ID233","B",3268.17735721611,427.284818520955,6547.07159074777
"348","ID741","C",3256.1524452293,379.599377948579,-2884.44193530821
"349","ID713","B",2567.67802867108,406.595541023006,5127.09222443347
"350","ID720","A",2920.78424472665,413.714625276033,6686.79794462041
"351","ID787","A",2305.48508768642,400.157439273479,4921.66572630795
"352","ID876","A",2592.17170646724,422.077024807766,5676.82012038208
"353","ID875","B",2555.71622678809,383.05502190225,5091.90760174254
"354","ID313","A",2427.90361568762,416.775235908407,5184.81050558399
"355","ID228","B",2434.69890913829,398.876154120406,4872.17628689396
"356","ID576","B",2201.46267680123,405.624305939004,4408.64051708115
"357","ID368","A",2720.7243229493,410.744532886473,6115.85034424898
"358","ID820","A",2678.0634243302,403.298353242793,6022.86107874954
"359","ID445","A",2270.62060089172,415.683988960299,4727.78309786857
"360","ID591","B",1830.34202804418,402.907319562244,3665.03596608273
"361","ID883","B",2583.89616764024,386.098249284567,5178.15425268091
"362","ID924","A",2422.74578397596,418.773610162038,5167.09669094836
"363","ID600","C",2174.14791635816,399.695514487405,-1794.3924329033
"364","ID473","A",2679.22669126232,398.358089906208,6026.50990903485
"365","ID947","C",2362.92047961255,406.006411353013,-1962.81819720084
"366","ID283","C",2032.64928791191,397.417928042862,-1647.32913729086
"367","ID636","C",2814.66187326253,432.067082514202,-2388.25501803901
"368","ID323","B",2101.8409349071,419.253973588874,4215.06612898978
"369","ID681","C",2455.99365320193,381.424288267668,-2086.00043064388
"370","ID374","B",2569.66373592834,399.329104457114,5139.5968749326
"371","ID939","B",1791.6305600064,401.812611433291,3551.47098136021
"372","ID955","A",2927.15571930999,408.431567691381,6734.21679062169
"373","ID134","B",3081.78226167306,391.447321520993,6173.94074757234
"374","ID480","A",2703.83900533605,390.81716439954,6178.30788653319
"375","ID563","C",3127.94152541711,430.761508147946,-2700.50219040354
"376","ID173","B",2330.02925018417,434.862239835,4655.57925792998
"377","ID571","A",2638.26056913124,393.999683908064,5960.22276888881
"378","ID371","C",2838.48628863925,397.101419244381,-2456.32680522954
"379","ID610","B",3057.71586948516,403.770003390741,6129.07986214011
"380","ID221","B",2730.15684683341,413.202068003694,5459.38801006782
"381","ID408","A",2424.59332996648,415.762923416142,5190.75209231932
"382","ID503","B",2341.82511729682,421.779926098007,4678.45755165357
"383","ID657","A",2256.86329499541,424.372479187611,4641.05091940779
"384","ID711","C",2289.95378732328,426.599460251967,-1861.48344319891
"385","ID118","B",2739.13173776328,367.032381115195,5489.41312012179
"386","ID273","B",2353.68841956021,416.093498727432,4717.0648092521
"387","ID605","B",2510.98097818205,369.666798625503,4996.20032516932
"388","ID772","A",2822.61829158417,387.946764421546,6542.54024368168
"389","ID431","A",2329.94020652819,378.341372350001,5120.11351320697
"390","ID429","A",2388.85139535922,392.947349533188,5205.68114215031
"391","ID177","B",2698.63442445775,405.651246619791,5403.29509552446
"392","ID617","A",2311.79766014792,390.143467772479,4977.20588850567
"393","ID412","C",2627.38816799154,365.493625227658,-2251.83544691268
"394","ID809","C",2910.33840277741,378.296817114073,-2527.91081923639
"395","ID794","C",2255.54502322093,439.434735851873,-1805.28695448327
"396","ID518","B",2562.24152203327,418.120902057123,5137.48076255115
"397","ID367","A",2228.33361221203,389.332290311032,4743.46729429278
"398","ID734","B",2852.0979322929,414.788097461057,5701.65270570873
"399","ID799","A",2215.27625847655,423.742381234843,4523.40660664314
"400","ID666","B",2612.32439834169,371.55221048723,5219.36363094953
"401","ID987","A",2326.05045085786,405.694515442326,4956.63542593386
"402","ID986","C",1784.76729110508,412.153396693965,-1366.00990191127
"403","ID588","B",2515.7647391261,400.68937304345,5040.91734186995
"404","ID692","A",3070.77553644465,397.950620001407,7220.66518995767
"405","ID549","C",2952.2481827085,384.717611947787,-2586.82441482336
"406","ID628","B",2612.48253781074,377.817292347046,5191.5054871897
"407","ID810","C",2059.5280366848,395.312728370255,-1678.81934603798
"408","ID218","A",2634.78837054717,425.431318966463,5763.6827781572
"409","ID504","A",2699.05292802799,395.69886289696,6108.18511218713
"410","ID434","A",1886.05423348071,411.621023035514,3596.08531917768
"411","ID476","A",2924.10582367625,392.797462723513,6794.84480373828
"412","ID202","C",2767.8113114312,396.449918396213,-2366.87357972289
"413","ID224","C",3145.24824232482,419.040390281963,-2741.18190517569
"414","ID695","B",2603.41998913077,428.73670933762,5218.05064759258
"415","ID834","A",2419.15111086399,397.308476009153,5285.73297011563
"416","ID310","B",2170.61083984917,414.427606072595,4343.08905930975
"417","ID911","A",2651.65992437822,401.688609175151,5949.67398179786
"418","ID790","B",2992.07473000727,383.061326114951,5984.28273538142
"419","ID246","A",2286.27324328119,389.239368296718,4934.24570231048
"420","ID673","C",2888.07969044654,380.333601471953,-2500.93879547497
"421","ID959","A",2535.66913195337,380.066681141575,5697.2219952628
"422","ID558","C",2496.30827144185,411.136443944935,-2085.56739304708
"423","ID750","C",2682.69861902868,381.045768150134,-2315.74537112527
"424","ID466","A",2499.52114363452,404.084385483483,5467.86497534856
"425","ID526","C",2381.78959559859,419.64873766332,-1941.90126628509
"426","ID288","B",2690.99337103411,388.297130413533,5386.27676994675
"427","ID406","B",2682.82515702485,377.259062799873,5375.72242453913
"428","ID119","C",2713.02387362815,397.676437446929,-2306.24811849829
"429","ID847","A",3076.85427336267,391.543061961675,7272.4686667239
"430","ID705","C",2468.5864353521,391.30140317884,-2094.75340640393
"431","ID837","C",2404.52933967919,424.349838170464,-1984.55894620191
"432","ID344","C",2409.1804678399,424.621776280791,-1982.66041858919
"433","ID754","A",2465.51768524832,387.029772831822,5448.53589112991
"434","ID536","B",2123.94945917919,399.662780258984,4232.92725285334
"435","ID359","B",2449.23053141826,399.298492210708,4906.86077145512
"436","ID255","A",2745.48959932446,407.947745140675,6195.44203250635
"437","ID499","A",2247.99523259549,384.634304685013,4804.98730046112
"438","ID435","B",2718.31454126965,407.860560408058,5437.25146792759
"439","ID906","A",2390.32936116489,397.462868596224,5182.1462195047
"440","ID825","C",2509.72589158867,412.321008677364,-2095.74916018351
"441","ID872","C",2489.99592463248,396.581443219701,-2111.69687063174
"442","ID865","C",2495.92289533535,413.737123732768,-2082.99957912625
"443","ID611","B",2625.65655790109,409.620840528546,5236.6043683232
"444","ID612","A",2109.99458038826,388.0188848225,4395.29398082787
"445","ID981","B",2147.76950245698,397.079369464925,4297.25837341966
"446","ID767","C",2382.33489113106,399.680638368166,-1999.12636365984
"447","ID595","B",2481.52879363718,405.984919522939,4952.90357055004
"448","ID941","B",2484.76233636329,396.589078523121,4977.68930568738
"449","ID723","A",3128.69789267457,408.69581904855,7326.11902676276
"450","ID331","C",2791.37923425957,437.04567454789,-2354.7173714848
"451","ID318","A",2750.36507818417,429.659514365288,6095.19998025774
"452","ID378","A",2098.31901232686,409.011239780006,4236.12270142924
"453","ID765","A",2950.27586819649,393.75797927038,6890.5775321439
"454","ID243","C",2571.98952108814,379.062386526958,-2197.87692561554
"455","ID176","A",3076.71620275227,398.001376934165,7243.30500556254
"456","ID821","C",2755.00767576538,400.804806753372,-2353.43389889054
"457","ID169","C",2843.36052990944,405.872358486641,-2437.56176763063
"458","ID896","A",2952.19298053348,396.17617727673,6900.59189245852
"459","ID389","C",2611.09838490927,366.370470132748,-2238.99448850787
"460","ID111","B",2187.2701823457,405.234456280639,4378.91023515894
"461","ID942","C",2401.89969684323,393.255803876033,-2002.75424520722
"462","ID930","B",3057.71531146438,385.882275754467,6117.8552639158
"463","ID958","B",2376.31790400672,385.722280633516,4749.27195741305
"464","ID701","B",2508.91718650847,404.629670881855,5016.5142757748
"465","ID105","B",2423.234415098,431.452505467894,4831.91303828791
"466","ID633","B",2507.48487739672,398.209683602851,5009.78867185792
"467","ID697","C",3053.98848715348,394.831886288876,-2656.97108745218
"468","ID801","A",2545.28358107499,403.971212081787,5621.64400505131
"469","ID776","B",2265.6748401246,357.825060240864,4528.80870886105
"470","ID735","C",2382.53057637444,395.852374802177,-1972.08024048606
"471","ID940","C",2656.5230267594,425.53150264483,-2216.25233019383
"472","ID859","A",2817.12771632773,408.976925799564,6405.54418144758
"473","ID430","B",2677.06276365187,384.53297502264,5360.9965372158
"474","ID299","B",1890.05125046286,426.924315387482,3784.44392094355
"475","ID538","B",2189.1545022556,395.828040734683,4390.94145383966
"476","ID274","A",2360.96116382001,408.790380614057,5049.34971810208
"477","ID191","B",2944.65652518199,439.91870657932,5905.2743715664
"478","ID851","A",1962.86643976089,371.665325151141,4034.31565542323
"479","ID485","A",2129.95452918838,407.385388140919,4371.2249198491
"480","ID319","C",2845.55948043204,385.533258015946,-2461.51615817053
"481","ID227","A",2701.83087963723,400.444123190926,6095.59689910197
"482","ID993","B",2935.90284642101,398.836501268577,5864.18790038161
"483","ID752","A",2301.98721865007,412.994111789732,4835.32727647351
"484","ID304","A",2381.2225570819,418.586242231227,5059.22059743943
"485","ID840","B",2863.40143318855,382.209744194457,5724.83742728178
"486","ID543","C",2105.83449361337,421.288530337081,-1684.31272187155
"487","ID184","A",2648.676405238,392.013218506421,5978.46841390543
"488","ID345","B",2477.40956788293,390.080745761049,4978.78389920844
"489","ID442","B",2235.11411441042,390.492752910892,4462.94465345072
"490","ID461","B",1764.21494525248,432.504233101827,3531.0680205703
"491","ID279","B",2028.25331512062,425.654394239367,4059.30115053884
"492","ID583","C",2498.42783267234,397.348399179737,-2105.77282674372
"493","ID396","A",2810.23685714498,406.52440829425,6387.73142063902
"494","ID292","A",2234.06928878652,409.845911272814,4651.5416239985
"495","ID676","B",2126.29056547667,412.050747734327,4220.81990375756
"496","ID920","A",2867.79875615673,394.467216509806,6636.79049141069
"497","ID547","A",2430.8812553344,434.417085701552,5103.26512794442
"498","ID470","C",2623.96715164868,408.995243238436,-2217.79628050605
"499","ID845","B",2504.21711691304,408.424023939022,5019.07516056917
"500","ID209","C",2628.77957553891,407.709370806048,-2226.86494750808
"501","ID601","C",2834.91486412977,398.102510229505,-2431.51033072061
"502","ID215","A",2467.17007206573,422.213340717043,5287.61775933255
"503","ID497","C",2470.28352953332,402.719197893765,-2056.50022665482
"504","ID807","B",2189.50123141522,391.003744915976,4386.8614796041
"505","ID961","A",2239.69301049233,400.429617475223,4724.79202110772
"506","ID510","B",2458.07394272076,384.809262233173,4930.54973721717
"507","ID828","B",2475.09160213088,393.138479177839,4945.82659915695
"508","ID113","C",2709.8718303538,394.864975306437,-2319.16979107023
"509","ID342","C",2112.40563296051,370.321365452219,-1727.95196902561
"510","ID541","C",3406.51431482449,392.191580963059,-3018.17088254911
"511","ID759","C",2844.19808195021,391.538828908463,-2442.31223807547
"512","ID366","A",2349.71804347049,404.962109653788,5007.66186070161
"513","ID471","B",2122.62296091172,412.243507951089,4246.41654980292
"514","ID632","A",2885.12605332381,419.739315603332,6546.16655478276
"515","ID770","B",2471.65945905768,389.316814198504,4931.33510634505
"516","ID652","C",2536.59456095471,381.360022711455,-2157.79782289086
"517","ID394","B",2714.99918309592,389.807992062912,5434.35476087606
"518","ID952","B",2672.31915502383,397.400404304143,5350.2425530988
"519","ID211","A",3302.00974125383,390.936400268653,7932.14749289454
"520","ID338","A",2320.80649505055,399.194313066131,4962.10145785991
"521","ID581","C",2590.45548722753,382.277168221134,-2207.71235359124
"522","ID341","A",3019.9257728272,390.649655239003,7107.83563203051
"523","ID626","A",2400.96978786704,397.711600980962,5226.22818828991
"524","ID123","B",2065.30997599054,386.035187738699,4121.42219653656
"525","ID602","C",2437.31696947532,389.986570480495,-2042.36283641305
"526","ID139","C",2963.77887849224,399.063727133196,-2560.92895299296
"527","ID704","A",2181.09907561236,414.352671743025,4476.78869993358
"528","ID842","A",2695.0511025896,398.575971138689,6099.45109916157
"529","ID459","C",2185.47700500639,420.617848308758,-1774.88424900165
"530","ID155","A",2811.00964496549,376.662098812758,6577.41586549982
"531","ID907","A",2355.04649859439,386.798783806593,5130.79141761704
"532","ID764","A",2443.97067316176,395.460839026871,5353.82407464399
"533","ID836","A",2792.12607391496,401.028450515088,6370.90845564759
"534","ID829","B",2420.81511855091,408.018051060818,4845.72006306826
"535","ID397","C",2861.3558238361,417.455977394163,-2461.32989798609
"536","ID984","B",2327.25292111415,402.608175017487,4629.98097875625
"537","ID520","B",1906.53650664273,397.338431108332,3808.67830257472
"538","ID484","A",2698.51766338812,394.85724693775,6112.68315984997
"539","ID573","C",2818.60859921282,407.817430254131,-2421.95734095271
"540","ID550","B",2477.57984324021,398.801254422955,4963.60422567402
"541","ID421","A",2882.02820160578,426.033900345937,6509.16668620757
"542","ID663","B",2156.35824866766,392.651191916079,4307.17923997511
"543","ID544","C",2870.07173588478,429.314597321731,-2443.85414054018
"544","ID416","C",2000.23769275595,398.077760585457,-1597.02693970979
"545","ID250","B",2116.4904599972,396.779597869481,4199.60705063275
"546","ID306","C",3020.42670924273,388.639084391807,-2601.70530878908
"547","ID910","A",2480.92760796868,381.653339667549,5527.86683857006
"548","ID185","C",2753.95766024766,414.441350379513,-2337.9016983044
"549","ID737","C",2133.47718090715,408.626771750966,-1702.94624353739
"550","ID781","C",2230.01615789066,430.503017472053,-1792.99726104176
"551","ID225","B",2754.37956156888,421.107501033136,5495.54141220972
"552","ID449","A",2717.15285161272,412.818435465132,6075.23599242578
"553","ID493","A",2506.44925512247,407.827449407116,5482.5053443649
"554","ID586","C",2706.56058712855,400.274476683359,-2312.46795975504
"555","ID513","B",2530.1371217216,382.368068681756,5053.29637707326
"556","ID340","B",2290.22021757171,413.641695662984,4573.50977962486
"557","ID511","C",2985.48126685847,375.376337692803,-2630.49936839321
"558","ID774","B",2116.76063165096,408.50256040457,4222.73844608769
"559","ID523","C",2900.15946699437,379.78590841592,-2518.16261982485
"560","ID603","C",2183.31164905161,396.365873385563,-1788.00934749587
"561","ID784","A",2523.30390738695,392.833069026742,5608.6478573328
"562","ID462","B",3325.63685705181,384.904834953512,6615.95911555577
"563","ID349","C",2071.80486075798,393.658588647993,-1685.63346334322
"564","ID574","A",2611.42149391313,380.45041376234,5930.11876472673
"565","ID163","B",2506.371439255,386.308547272256,5032.01638942775
"566","ID251","A",2536.82765430709,415.094840386599,5533.78703292278
"567","ID269","A",2764.47267827839,398.389247378547,6303.32679236466
"568","ID560","C",3023.38776159721,416.224514211118,-2601.27569430628
"569","ID229","B",2960.56198536206,409.509541738257,5917.46238659666
"570","ID824","B",2812.42098371259,410.196759894116,5619.641398347
"571","ID500","B",2693.76305110899,429.796596979447,5377.19405232821
"572","ID727","C",2436.18053224483,410.560458779584,-1989.32166517718
"573","ID944","A",2361.3267256232,370.116305441797,5239.60156017108
"574","ID817","B",2270.76104066343,397.36699891608,4555.87432203293
"575","ID882","C",2117.0383072309,399.771123384047,-1738.09716118304
"576","ID182","C",2608.33135059095,409.676309578531,-2190.93326603737
"577","ID946","C",2498.52326247747,405.567771017972,-2109.17264761724
"578","ID464","A",2251.41372873447,413.152381991081,4661.63011153442
"579","ID699","A",2417.15987735632,400.962593627834,5266.50854351679
"580","ID284","A",2274.99151556786,405.77216132689,4805.25066322048
"581","ID717","C",2856.08917029811,393.21889368289,-2450.01671578233
"582","ID668","C",3014.18472808985,392.683011977482,-2610.75999347098
"583","ID377","A",2339.31878836296,406.38097181171,4974.25606597778
"584","ID336","C",2535.38196400843,373.225299835489,-2162.87225946055
"585","ID797","B",2528.27094126571,408.991514286411,5067.13293641168
"586","ID637","A",1773.26675311121,401.631614947122,3298.33027952123
"587","ID507","B",2377.7624143229,403.662184556225,4753.92579827813
"588","ID890","B",2627.81827154027,423.171332119956,5259.97731363836
"589","ID257","C",2545.76958000536,410.302755871945,-2134.0503625541
"590","ID494","A",2365.4423837431,400.109600479876,5070.53465356468
"591","ID501","B",2316.81581576595,383.227753816502,4627.93674194785
"592","ID874","B",2398.35469535065,392.461647712189,4794.7990864048
"593","ID841","C",2909.24655690482,426.550563715404,-2455.52522579515
"594","ID129","C",2603.24471940133,389.004971053552,-2207.62547492292
"595","ID545","B",2731.85497016809,381.800541786813,5471.84247085382
"596","ID487","C",2092.01190868427,393.297712884807,-1685.0246304627
"597","ID350","B",2700.06293363587,405.91368171254,5420.42683283146
"598","ID887","B",2372.23649730832,366.05712645921,4749.83029148141
"599","ID492","B",2333.44505888876,394.43833154327,4661.62934032187
"600","ID440","B",2421.60673998298,408.558082369904,4855.67127173806
"601","ID232","C",2679.93202677056,426.619678280858,-2249.63463489223
"602","ID403","C",2470.77175960808,419.932363927012,-2027.30519439008
"603","ID409","A",2854.07212448688,384.581979103045,6619.53845100704
"604","ID647","A",2701.81464308502,427.938122687517,5954.19325973864
"605","ID405","B",2507.51984920063,384.019686388116,5004.20037709991
"606","ID272","A",2660.23190173349,401.895459757237,5962.05225469535
"607","ID309","A",2819.92139351311,405.711073985602,6429.80939797235
"608","ID970","B",2580.7393870499,417.647605411724,5153.87895731644
"609","ID252","B",2310.16519139302,402.356417029708,4615.66617746394
"610","ID141","B",2486.65185067349,431.320527568922,4980.02940820239
"611","ID565","B",2151.70867178688,406.548752440019,4319.8211156498
"612","ID868","B",2589.62642307859,415.74834754546,5182.19070891135
"613","ID572","C",2279.32053824262,378.352843686832,-1915.9357014141
"614","ID159","A",2310.15493562897,396.36440124416,4935.28458363985
"615","ID798","B",2230.10720645815,393.638210258105,4465.79815641138
"616","ID364","A",1993.47934476158,431.974735036933,3831.33451545564
"617","ID201","C",2427.9812938502,409.711367279715,-2015.15723167519
"618","ID739","B",2267.23763857393,411.840419348651,4529.89829274159
"619","ID827","B",2430.63805339857,419.038507299759,4852.07749513022
"620","ID263","A",2334.16011317585,394.488826117032,5040.55713247287
"621","ID321","B",2749.67248874554,411.041767109768,5503.48537987699
"622","ID468","B",2780.65663456166,391.618241555636,5542.10791229587
"623","ID347","A",2315.57227711222,372.921513235936,5083.32542241358
"624","ID322","B",2522.14036909047,423.145408820044,5052.19027665075
"625","ID854","B",2908.2344967216,404.72053141511,5809.86751455427
"626","ID110","B",2738.51905377667,426.740456120401,5484.56369225512
"627","ID989","A",2679.76728493725,406.521398308381,6006.94378011896
"628","ID751","C",2246.10740852016,396.748771975236,-1858.10282258536
"629","ID149","C",2561.20437606677,378.461331901937,-2180.58299725858
"630","ID158","B",2717.97255194856,410.957883013956,5430.6238609407
"631","ID623","B",2565.28699312333,407.379911774977,5140.40206054122
"632","ID168","B",2236.69025321451,404.221194962196,4488.30244950993
"633","ID122","C",2209.7166955763,398.384440914971,-1811.72020306653
"634","ID187","C",2364.09107624254,392.407830677773,-1962.30974211077
"635","ID934","B",2400.66131276802,406.74315104025,4801.58450549376
"636","ID390","B",2511.68648877351,410.318397406351,5031.62098581728
"637","ID877","A",2294.61149262861,373.737153960206,5012.49282391139
"638","ID771","A",2314.23722388659,405.882973710271,4916.33780060103
"639","ID863","C",2526.54811195046,399.406423195639,-2133.24486770769
"640","ID777","B",2552.47439662887,410.81990596634,5111.83773692633
"641","ID259","C",2181.37804932494,385.104393556874,-1785.70343628388
"642","ID710","B",2798.17313672725,407.480840054747,5606.74281668666
"643","ID819","B",2366.94374074445,399.68498626601,4719.47167915263
"644","ID192","C",1913.7940215085,401.363283128343,-1504.57353248769
"645","ID982","B",2411.13973075337,398.137419103479,4805.26835515389
"646","ID524","B",2647.20210669885,399.701621851394,5287.45516813515
"647","ID806","A",2464.28191730165,392.949273197377,5422.84315951109
"648","ID287","B",2080.11311447785,420.361255650577,4155.39324387499
"649","ID365","A",2714.27805776174,427.536194075152,6004.26301827648
"650","ID204","C",2691.00457370549,398.593791683411,-2301.06666131361
"651","ID509","C",2258.82895742603,402.934457761738,-1845.32117615609
"652","ID672","B",2726.51827957392,408.892058064497,5447.96609167768
"653","ID775","B",3438.03554816551,403.574469674513,6879.81012068334
"654","ID975","A",2231.32959787304,380.253026117896,4790.35565198907
"655","ID800","A",2328.32836617328,384.943162091754,5062.91202697799
"656","ID130","B",2728.8451645172,393.046445675974,5465.06473577222
"657","ID627","C",2737.26802479008,385.358639733501,-2364.57036289984
"658","ID645","B",2518.27255682719,418.184069479694,5027.99219383556
"659","ID903","C",2467.02296747833,377.460944327065,-2098.94540055985
"660","ID428","C",2536.92455139968,414.109623496118,-2126.45733551946
"661","ID639","A",2398.16916293062,383.657507439167,5277.05125179533
"662","ID732","B",2750.9512996164,403.992562452045,5501.80543361366
"663","ID145","B",2522.94332985973,395.91453123188,5060.73929158327
"664","ID167","A",2634.63003601876,381.725463564287,5993.0168213963
"665","ID210","A",2792.5080881631,401.170113207008,6379.71908779715
"666","ID240","B",2775.35576111758,409.361656851898,5543.08914925029
"667","ID999","C",2671.59480589693,390.756524806355,-2296.1428038338
"668","ID362","A",2048.49894842119,391.862737081841,4193.48215400756
"669","ID200","B",2248.31481619708,404.228193926022,4493.65969363862
"670","ID486","A",2557.03627230152,390.339606439326,5711.37096559833
"671","ID658","A",2972.28992838334,406.649087268547,6895.18805172593
"672","ID125","B",2130.28006318422,389.28154396609,4257.6042098746
"673","ID425","A",2778.83955683841,395.691151330353,6353.79650849287
"674","ID791","A",2156.7793274348,391.322038398285,4513.54007494655
"675","ID343","A",2352.14332705687,402.232244226636,5049.82635379234
"676","ID131","A",2239.60927627101,417.102551635483,4642.02902685877
"677","ID918","A",2195.67446443943,414.005534564948,4511.12278364066
"678","ID853","B",2648.0175344765,397.008336222855,5312.04463538377
"679","ID413","A",1645.58943582213,394.822997144434,2939.29015415681
"680","ID991","B",2333.56466216728,417.081545755867,4663.10652771977
"681","ID662","C",1809.78039707073,438.464971992848,-1377.4764447026
"682","ID766","C",2850.31767437287,428.484533189057,-2407.35290994769
"683","ID619","A",2761.39184173295,400.215718582804,6298.68410717813
"684","ID282","B",2686.74387526268,406.596803242927,5366.92461189098
"685","ID590","A",2830.34133980585,401.325381629994,6483.00811653542
"686","ID985","C",2718.60284028107,389.906715162398,-2302.73077734142
"687","ID990","B",2150.46784868132,398.169052488919,4318.39817674754
"688","ID482","A",2422.80298990384,411.076664940098,5222.54756659946
"689","ID722","C",2339.3546203454,390.206663081373,-1962.16620319416
"690","ID604","A",2765.97281904605,391.939310776182,6327.35083815475
"691","ID277","C",2439.51426405191,408.429354491337,-2018.48637221167
"692","ID728","C",2295.43277998267,422.198547741693,-1891.46452801375
"693","ID108","B",2718.29312093689,399.415058595583,5435.61333600625
"694","ID353","C",2386.90049584408,396.438749622507,-1969.4313130233
"695","ID194","A",3246.05867541575,390.819046937233,7775.47543074817
"696","ID415","C",2455.72832459871,360.692300834426,-2085.58434768776
"697","ID561","B",2291.16507142881,407.829819153989,4587.1079607046
"698","ID455","C",2383.6236137257,393.07719015212,-1992.11757624698
"699","ID803","A",2531.57290132567,413.140881780148,5517.54108774685
"700","ID404","A",2720.08543695891,420.852148394803,6072.75703712349
"701","ID932","A",2825.00176947682,405.199502126368,6440.31528726093
"702","ID881","C",2678.53430465676,396.222007190727,-2286.23494746778
"703","ID921","A",2340.20724739411,414.663772143667,4966.995218151
"704","ID703","C",2599.82621477902,435.079223517478,-2156.45317273323
"705","ID818","C",2824.86607962971,396.639292674862,-2431.07983640165
"706","ID953","B",2885.85264485635,376.769712566583,5778.42297698745
"707","ID265","A",2343.6384341837,399.886513626694,5019.46075769731
"708","ID423","C",2415.88371628372,410.061235971132,-2014.88711374944
"709","ID337","B",2454.84722539251,398.634944421635,4927.25228072506
"710","ID929","B",2151.59697175409,408.283460721559,4300.26099419689
"711","ID165","B",2628.19831784307,397.916766254197,5245.96400165645
"712","ID913","B",2479.85463248343,397.636040912521,4961.91085189793
"713","ID197","C",2137.20134623351,383.319736899783,-1728.83759717278
"714","ID300","C",2367.02063301873,441.774984253721,-1937.69243454392
"715","ID308","C",2872.72381283536,393.7471772091,-2482.02853186851
"716","ID714","A",2200.22974773983,396.189778956428,4647.47541978121
"717","ID680","C",2549.11982958204,382.001753200409,-2193.18563234428
"718","ID641","B",2361.57865095167,388.822798988748,4719.19294786212
"719","ID290","C",2415.80023557511,395.797597722795,-2017.3874062407
"720","ID333","B",2338.47483132484,375.443821960448,4676.05349667887
"721","ID594","C",2560.80980864587,395.576605663286,-2189.01710069014
"722","ID235","B",2596.39093982073,399.30537476782,5182.44171060275
"723","ID351","A",2121.49806065403,397.397647916362,4377.89862896349
"724","ID789","B",2809.6560857458,393.376331970945,5644.23467237222
"725","ID866","C",2727.38151643295,367.276563211398,-2352.96545746527
"726","ID582","A",2146.76261228412,405.394567664095,4401.3929382052
"727","ID439","B",2330.69177982764,396.360448845238,4660.53246421597
"728","ID927","A",2563.8235829543,389.427731916957,5758.0057573414
"729","ID534","A",1979.87128825692,378.521794087512,4047.98469614184
"730","ID424","A",2444.10791937776,369.737168015378,5493.78248448953
"731","ID738","A",2319.58758090572,406.634869017514,4931.76177133181
"732","ID640","A",2383.86788557665,386.776630317694,5214.47384457834
"733","ID469","A",3187.97031831483,353.525302936375,7788.06939050963
"734","ID943","C",2910.93767010921,381.634281244777,-2530.42812034871
"735","ID180","C",2419.10286839415,409.55653856356,-2008.43642667093
"736","ID174","A",2761.20035702829,393.809768141022,6322.37331155211
"737","ID437","B",2225.4245633885,389.620392952877,4451.91404286478
"738","ID502","A",2629.67180996568,425.505697866444,5783.2410615573
"739","ID373","B",2279.34506028262,389.459480498543,4551.16526325143
"740","ID478","B",2147.03817502342,405.307721414907,4279.62134717443
"741","ID230","B",2580.55818304127,398.773131818188,5152.20576402343
"742","ID740","A",2487.61443993145,426.247819714998,5325.2080290061
"743","ID417","C",2413.15034860397,412.445489907611,-1993.48284278294
"744","ID443","B",2618.24977860916,382.552233537916,5251.77531359291
"745","ID833","A",2387.11990945238,424.29316410805,5043.90706481109
"746","ID749","C",2638.67183072142,383.616597159531,-2228.84389485081
"747","ID888","C",2336.09535161151,416.52156660368,-1920.92617079044
"748","ID530","B",2274.26369688886,399.642461960288,4545.81215922143
"749","ID360","B",2302.33363412374,397.395915005785,4587.23214860097
"750","ID223","C",2396.43987099473,393.281176650092,-1997.79835646315
"751","ID585","A",2198.90440793864,421.043220312432,4498.62897699225
"752","ID685","B",2246.30959970346,405.694962334817,4495.9080769739
"753","ID315","B",2492.30488307869,411.235162801393,4986.35219010276
"754","ID109","C",2992.88395338576,425.088674349299,-2575.51778358962
"755","ID128","C",2003.90263089413,384.43951498685,-1644.92143056873
"756","ID533","C",2367.96392117713,388.140250037809,-1977.21459426258
"757","ID650","A",2371.53978729256,421.667958785379,4997.13435738577
"758","ID399","A",2553.18168011022,400.062343367147,5665.97809805216
"759","ID352","A",2680.66689983949,406.698290938055,5989.44505563898
"760","ID186","C",2491.74899993836,399.947587124573,-2107.96509312873
"761","ID564","B",2066.01251935326,421.551651748486,4124.03001532425
"762","ID535","B",2095.01304279091,399.687763360758,4194.02437889606
"763","ID746","B",2404.66940284153,382.107856055216,4801.07199538409
"764","ID700","C",2837.2367415858,405.653659246056,-2438.29825225605
"765","ID248","C",2442.27720224513,399.160282245053,-2024.47830149056
"766","ID891","A",2118.18161596623,382.889632717331,4430.82295097412
"767","ID862","C",1891.23941958791,408.141314321581,-1458.52627666739
"768","ID525","B",2790.89076770072,406.112701506664,5585.61685250886
"769","ID441","B",2714.3916233855,413.40754597288,5388.47921599229
"770","ID316","A",2431.14590079506,399.631827582058,5292.59876791321
"771","ID899","C",2719.87006248556,388.449374884045,-2342.09132315042
"772","ID115","A",2400.05536318742,379.051493277292,5311.06928277794
"773","ID537","B",2684.30268391343,368.940557457286,5378.18448497814
"774","ID363","C",2343.48894431802,400.660801153643,-1941.02234246312
"775","ID380","C",2882.67466671012,410.017712065392,-2476.48636036937
"776","ID933","A",2724.14034185434,399.445177820146,6176.25938738892
"777","ID457","A",2176.99780638292,410.213525724652,4482.67574569422
"778","ID779","B",2521.99548143575,382.140473624309,5038.90223800975
"779","ID379","B",2047.43549255404,410.604591071541,4116.5545502731
"780","ID489","A",2603.20178168187,376.044886583977,5931.04578090845
"781","ID206","A",2493.75239787137,413.040575179198,5426.44368546538
"782","ID856","C",2839.08894841106,405.682476278859,-2438.68249818845
"783","ID551","A",2412.392806385,415.328529832328,5177.29646437497
"784","ID584","C",1602.40572361673,392.14144150118,-1199.56005446319
"785","ID683","C",2879.03008889554,383.324984034748,-2485.07896408895
"786","ID171","C",2142.83846077182,385.624127208226,-1759.24676719005
"787","ID463","A",2652.38654566551,415.180056205088,5886.39253811318
"788","ID458","C",2606.12343423763,402.464179342729,-2213.06641882679
"789","ID823","A",2761.18825949864,407.945602973267,6248.44412673623
"790","ID892","A",2414.95771418579,387.542075851098,5312.15334191581
"791","ID553","A",2419.65552263953,417.504932273022,5158.92416214083
"792","ID214","C",2098.48132178565,402.427173590435,-1726.06451155863
"793","ID997","A",2207.56574788365,420.61507211322,4514.11366587356
"794","ID528","C",1994.18126963521,383.987684586619,-1632.50402734256
"795","ID963","C",2699.00704676375,383.734329559209,-2326.58363200941
"796","ID245","A",2191.37936701037,389.522228336928,4639.79387514321
"797","ID264","B",1985.18893410366,420.95309789636,3956.51648697105
"798","ID979","C",2103.74910005385,378.57488424845,-1732.88679027373
"799","ID266","C",2055.72645110355,401.648376127058,-1649.76754396911
"800","ID620","A",3071.73967271615,404.165878832174,7183.18584622794
